PatientID,Age,Sex,BloodPressure,Cholesterol,Diagnosis
P001,45,Male,135/85,210,Positive
P002,32,Female,118/75,180,Negative
P003,58,Male,150/95,245,Positive
P004,27,Female,110/70,165,Negative
P005,63,Male,160/100,270,Positive
P006,41,Female,125/80,195,Negative
P007,52,Male,145/90,230,Positive
P008,36,Female,120/78,175,Negative
P009,69,Male,170/105,290,Positive
P010,48,Female,140/88,220,Positive
P011,29,Male,115/72,160,Negative
P012,55,Female,150/92,250,Positive
P013,39,Male,122/80,185,Negative
P014,61,Female,155/98,260,Positive
P015,34,Male,118/76,172,Negative
P016,47,Female,130/84,205,Negative
P017,72,Male,175/110,310,Positive
P018,43,Female,128/82,190,Negative
P019,57,Male,148/94,240,Positive
P020,25,Female,108/68,155,Negative